EL (deg);8.66;8.66;8.66;8.66;8.66;8.66;8.66;8.66;8.66;8.66;8.66;4.33;4.33;4.33;4.33;4.33;4.33;4.33;4.33;4.33;4.33;0;0;0;0;0;0;0;0;0;0;0;-4.33;-4.33;-4.33;-4.33;-4.33;-4.33;-4.33;-4.33;-4.33;-4.33;-8.66;-8.66;-8.66;-8.66;-8.66;-8.66;-8.66;-8.66;-8.66;-8.66;-8.66;-13;-13;-13;-13;-13;-13;-13;-13;-13;-13
AZ (deg);-25;-20;-15;-10;-5;0;5;10;15;20;25;22.5;17.5;12.5;7.5;2.5;-2.5;-7.5;-12.5;-17.5;-22.5;-25;-20;-15;-10;-5;0;5;10;15;20;25;22.5;17.5;12.5;7.5;2.5;-2.5;-7.5;-12.5;-17.5;-22.5;-25;-20;-15;-10;-5;0;5;10;15;20;25;22.5;17.5;12.5;7.5;2.5;-2.5;-7.5;-12.5;-17.5;-22.5
f (GHz);trans (dB);trans (dB);trans (dB);trans (dB);trans (dB);trans (dB);trans (dB);trans (dB);trans (dB);trans (dB);trans (dB);trans (dB);trans (dB);trans (dB);trans (dB);trans (dB);trans (dB);trans (dB);trans (dB);trans (dB);trans (dB);trans (dB);trans (dB);trans (dB);trans (dB);trans (dB);trans (dB);trans (dB);trans (dB);trans (dB);trans (dB);trans (dB);trans (dB);trans (dB);trans (dB);trans (dB);trans (dB);trans (dB);trans (dB);trans (dB);trans (dB);trans (dB);trans (dB);trans (dB);trans (dB);trans (dB);trans (dB);trans (dB);trans (dB);trans (dB);trans (dB);trans (dB);trans (dB);trans (dB);trans (dB);trans (dB);trans (dB);trans (dB);trans (dB);trans (dB);trans (dB);trans (dB);trans (dB)
56;-96.63;-95.95;-86.69;-97.84;-91.71;-84.75;-90.05;-94.48;-89.04;-99.78;-95.63;-96.07;-86.38;-92.71;-93.24;-71.31;-72.09;-84.78;-95.03;-84.16;-94.85;-77.96;-93.27;-89.36;-90.23;-79.7;-71.49;-72.42;-86.06;-94.75;-90.02;-93.8;-94.68;-86.02;-94.57;-88.9;-72.53;-73.16;-89.09;-96.55;-87.11;-98.45;-101.04;-98.23;-86.64;-95.18;-91.31;-86.26;-91.51;-96.28;-88.14;-95.87;-97.22;-97.56;-93.48;-89.56;-92.95;-91.3;-92.08;-95.06;-89.21;-93.46;-105.24
56.1;-97.58;-100.02;-88.39;-100.69;-93.67;-84.72;-97.12;-92.32;-89.83;-98.68;-95.89;-98.39;-86.57;-91.48;-86.79;-73.26;-73.18;-87.57;-96.99;-86.47;-95.35;-78.41;-96.08;-95.64;-91.85;-78.03;-76.57;-76.04;-88.72;-98.78;-90.61;-95.31;-97.88;-86.99;-92.48;-89.91;-73.71;-74.41;-89.46;-92.47;-86.94;-105.74;-95.74;-102.22;-87.43;-95.13;-90.54;-86.62;-90.98;-93.74;-89.17;-98.08;-95.39;-96.32;-95.04;-90.93;-98.2;-89.67;-91.03;-92.97;-91.8;-94.86;-102.02
56.2;-95.29;-104.87;-92.91;-96.7;-104.55;-90.32;-101.32;-94.43;-93.39;-105.26;-100.04;-106.87;-91.66;-91.54;-92.88;-73.19;-77.65;-92.27;-92.22;-89.45;-95.59;-81.53;-99.76;-99.45;-96.1;-84.51;-70.11;-76.69;-93.27;-106.61;-96.21;-98.46;-103.53;-92.13;-92.68;-92.06;-75.15;-77.38;-93.65;-94.36;-91.62;-110.35;-96.44;-112.83;-89.69;-98.41;-94.77;-90.32;-93.8;-94.82;-92.98;-105.89;-97.51;-96.75;-102.2;-94.18;-98.35;-91.14;-91.69;-98.77;-94.37;-100.83;-106.65
56.3;-99.28;-113.88;-93.86;-98.41;-113.12;-88.4;-102.7;-97.49;-96.05;-105.18;-101.4;-103.97;-94.85;-92.01;-90.12;-73.86;-77.08;-94.39;-92.55;-93.66;-100.28;-83.75;-104.16;-99.8;-98.9;-86.85;-71.62;-82.2;-94.64;-98.22;-98.49;-100.23;-102.81;-94.65;-92.69;-92.94;-78.14;-79.46;-92.33;-93.56;-95.84;-113.77;-99.36;-107.83;-93.88;-96.21;-100.34;-92.77;-100.07;-95.37;-95.75;-107.78;-98.75;-97.3;-107.57;-95.74;-96.45;-93.48;-91.79;-98.55;-94.84;-103.02;-104.88
56.4;-118.68;-125.96;-105.3;-105.37;-111.17;-103.32;-111.85;-113.71;-111.84;-120.8;-114.24;-119.41;-110.32;-106.18;-107.27;-86.26;-91.51;-103.07;-100.87;-112.17;-109.24;-95.56;-123.86;-115.94;-108.71;-101.15;-80.27;-90.48;-103.22;-105.83;-113.3;-114.99;-114.77;-109.57;-104.84;-99.82;-90.5;-93.23;-105.27;-107.31;-123.82;-127.73;-112.84;-114.63;-109.46;-110.06;-120.41;-108.71;-117.08;-109.05;-109.3;-127.32;-112.8;-108.56;-121.61;-109.54;-106.71;-106.29;-106.39;-111.09;-108.85;-113.5;-111.68
56.5;-111.57;-112.17;-105.43;-112.97;-106.82;-96.74;-106.45;-109.36;-114.16;-115.18;-120.84;-114.31;-117.35;-108.1;-106.93;-87.44;-87.81;-107.55;-101.71;-104.14;-109.95;-96.71;-111.18;-113.59;-110.77;-100.26;-80.21;-100.61;-106.05;-114.13;-116.57;-116.25;-113.66;-121.05;-104.61;-106.93;-93.93;-93.63;-103.41;-108.63;-114.93;-125.86;-123.24;-117.77;-114.15;-112.6;-114.87;-110.39;-115.86;-108.64;-113.13;-116.31;-110.98;-108.93;-117.17;-108.01;-108.41;-113.74;-105.68;-113.71;-109.94;-116.46;-110.61
56.6;-111.9;-116.18;-107.93;-108.81;-109.27;-100.82;-115.12;-108.29;-120.65;-116.44;-115.89;-123.2;-116.34;-105.58;-104.71;-91.65;-92.7;-103.89;-101.81;-112.41;-109.99;-115.41;-111.41;-115.62;-121.63;-123.86;-94.03;-102.25;-112.57;-115.09;-118.62;-117.99;-125.16;-116.9;-114.68;-113.89;-91.27;-104.51;-111.05;-118.1;-113.23;-117.1;-121.15;-115.33;-118.01;-114.59;-117.63;-109.69;-116.1;-114.87;-117.12;-122.83;-116.14;-113.65;-123.18;-111.3;-113.63;-114.64;-118.13;-119.42;-109.19;-123.5;-117.83
56.7;-107.37;-108.06;-107.16;-103.29;-106.66;-97.67;-112.89;-104.32;-119.13;-107.81;-111.29;-110.18;-112.41;-103.2;-100.95;-87.14;-88.99;-101.91;-105.88;-114.65;-110.71;-100.94;-112.23;-111.06;-114.07;-108.94;-83.26;-111.06;-123.77;-110.45;-110.62;-115.58;-118.01;-115.48;-106.32;-118.48;-100.08;-95.72;-117.72;-121.93;-118.45;-107.45;-112.52;-115.4;-126.77;-119.54;-122.82;-105.1;-122.94;-117.5;-116.12;-121.92;-117.34;-113.36;-120.48;-119.25;-112.49;-123.73;-118.64;-118.54;-116.86;-120.39;-112.81
56.8;-107.48;-108.68;-110.21;-105.17;-110.46;-99.53;-106.73;-104.54;-115.62;-108.25;-111.2;-112.96;-111.03;-102.02;-101.55;-85.87;-90.14;-101.06;-103.12;-110.35;-116.21;-99.27;-114.96;-113.4;-110.1;-101.79;-81.03;-93.11;-109.37;-108.81;-108.23;-111.92;-111.63;-112.04;-107.59;-116.41;-87.68;-92.02;-118.08;-107.91;-121.25;-110.32;-110.47;-114.92;-116.91;-110.61;-115.57;-101.96;-109.88;-117.21;-113.96;-117.68;-113.98;-114.61;-118.98;-113.07;-110.3;-119.69;-116.14;-113.92;-115.83;-123.04;-114.29
56.9;-98.07;-100.68;-94.79;-90.65;-97.36;-86.93;-92.83;-93.56;-108.69;-97.54;-99.04;-99.36;-100.84;-89.49;-85.28;-74.15;-76;-92.96;-89.01;-94.72;-103.57;-84.41;-95.72;-99.34;-90.62;-94.81;-70.77;-78.67;-99.95;-94.71;-98.97;-102.46;-100.11;-103.31;-89.59;-94.56;-74.25;-79.09;-107.55;-91.68;-101.19;-97.4;-97.67;-97.76;-101.52;-94.63;-99.69;-89.71;-97.14;-97.86;-106.07;-104.32;-100.98;-100.87;-107.65;-98.88;-98.95;-98.42;-99.18;-99.74;-97.47;-101.55;-99.9
57;-100.02;-101.97;-100.87;-96;-97.47;-88.66;-96.62;-93.44;-110.55;-99.14;-100.09;-100.57;-105.03;-89.3;-93.88;-74.58;-76.93;-93.31;-91.51;-122.03;-98.76;-87.61;-98.51;-107.92;-93.69;-85.01;-70.87;-81.86;-98.68;-93.97;-99.4;-99.8;-100.24;-109.48;-90.9;-96.47;-77.14;-79.01;-105.8;-96.14;-112.14;-97.42;-99.86;-99.88;-113.8;-96.64;-101.91;-93.78;-99.76;-97.21;-108.06;-102.35;-101.97;-105.31;-104.62;-100.76;-98.77;-100.92;-98.4;-100.84;-104.44;-104.2;-102.99
57.1;-95.83;-97.8;-109.51;-96.94;-98;-89.33;-100.33;-92.85;-102.42;-97.45;-100.06;-98.51;-105.24;-87.33;-95.27;-72.89;-74.45;-97.35;-89.12;-98.26;-90.51;-84.66;-94.93;-97.69;-90.93;-82.76;-72.17;-79.35;-94.08;-92.16;-98.66;-97.96;-98.64;-109.54;-88.51;-106.15;-76.22;-76.99;-101.68;-90.88;-106.03;-95.31;-98.2;-98.49;-109.24;-93.59;-100.74;-91.66;-100.26;-93.68;-104.49;-100.76;-100.28;-99.27;-103.92;-100.36;-94.87;-96.01;-96.59;-99.15;-100.7;-103.57;-101.13
57.2;-97.57;-101.6;-99.92;-91.28;-94.77;-87.72;-98.64;-90.22;-96.17;-96.35;-100.52;-96.29;-97.46;-85.56;-98.19;-71.91;-70.67;-100.72;-90.54;-97.15;-90.89;-81.12;-99.75;-92.91;-92.91;-76.18;-67.37;-75.21;-90.48;-89.11;-95.42;-95.84;-95.95;-96.39;-86.69;-96.11;-73.79;-74.14;-101.38;-88.11;-104.5;-94.9;-95.11;-97.2;-100.35;-91.85;-94.56;-92.67;-94.95;-89.59;-97.27;-98;-99.94;-98.72;-101.45;-99.1;-93.48;-90.87;-92.07;-91.93;-100.93;-98.76;-97.75
57.3;-94.3;-94.33;-95.66;-84.29;-96.38;-86.52;-89.08;-86.36;-89.87;-92.25;-95.28;-91.94;-90.27;-81.24;-101.94;-65.89;-67.97;-85.69;-81.66;-91.75;-85.22;-74.28;-88.32;-86.02;-83.98;-73.35;-64.82;-67.34;-90.88;-83.84;-90.39;-89.46;-89.96;-90.07;-81.35;-90.58;-66.49;-68.63;-93.22;-82.51;-91.69;-90.04;-91.2;-92.15;-90.03;-85.03;-88.33;-87.37;-87.93;-86.61;-90.93;-93.02;-95.94;-93.67;-94.92;-94.49;-85.08;-83.31;-83.02;-85.99;-92.79;-92.19;-91.39
57.4;-124.62;-104.34;-95.81;-96.69;-99.99;-92.16;-99.46;-97.69;-98.76;-103.91;-109.05;-100.41;-98.99;-92.68;-97.15;-74.46;-75.84;-99.59;-93.29;-101.68;-97.33;-85.6;-100.09;-93.67;-99.2;-80.01;-71.1;-78.66;-102.24;-95.8;-101.14;-99.24;-100.02;-99.23;-92.81;-104.83;-77.85;-79.25;-99.93;-94.56;-98.56;-103.45;-105.88;-107.61;-96.42;-95.3;-96.9;-95.97;-95.83;-93.81;-99.44;-103.96;-106.73;-106.4;-103.67;-102.57;-94.39;-92.57;-93.04;-95.86;-102.65;-102.45;-101.39
57.5;-111.08;-96.47;-91.43;-98.76;-115.03;-95.25;-103.93;-94.41;-95.86;-105.88;-103.81;-98.63;-92.43;-92.84;-100.06;-72.77;-77.9;-91.12;-110.86;-92.29;-91.78;-82.82;-95.81;-94.11;-99.05;-82.69;-71.05;-75;-92.72;-94.57;-96.82;-96.23;-97.14;-91.8;-91.76;-92.53;-76.55;-77.49;-96.64;-96.42;-93.34;-100.44;-107.89;-107.28;-91.93;-91.66;-95.3;-94.04;-93.59;-90.58;-94.24;-102.53;-103.43;-97.97;-96.08;-96.04;-90.86;-88.16;-88.36;-92.75;-99.32;-97.04;-95.98
57.6;-107.21;-120.24;-98.98;-96.08;-103.61;-91.31;-104.5;-98.04;-98.53;-106.82;-111.55;-100.91;-94.62;-97.08;-89.01;-75.93;-73.97;-101.17;-94.88;-91.55;-93.62;-84.04;-98.02;-93.48;-113.3;-80.06;-67.8;-84.94;-95.87;-99.81;-105.59;-100.33;-98.45;-93.42;-96.04;-94.31;-84.29;-78.94;-95.91;-95.41;-90.99;-95.53;-112.08;-105.31;-92.08;-91.34;-92.32;-94.75;-94.43;-94;-94.74;-103.68;-104.12;-98.73;-98.72;-98.11;-94.47;-90.07;-90.35;-94.43;-98.89;-95.22;-96.51
57.7;-108.31;-111.77;-96.84;-111.72;-104.51;-93.36;-98.27;-96.77;-98.95;-108.87;-108.91;-103.25;-96.24;-98.94;-94.11;-78.99;-79.01;-93.93;-103.09;-91.83;-97.77;-86.91;-96.95;-97.26;-100.6;-102.25;-75.76;-81.22;-100.17;-96.34;-98.23;-99.04;-99.16;-94.15;-95.99;-93.14;-80.82;-89.17;-99.44;-110.62;-96.97;-97.85;-115.08;-105.32;-94.44;-96.06;-94.56;-98.39;-92.48;-91.91;-94.62;-100.88;-105.16;-100.42;-95.57;-97.09;-93.64;-93.78;-95.14;-99.98;-101.78;-99;-98.23
57.8;-116.21;-121.99;-106.26;-110.64;-106.52;-109.21;-108.26;-110.57;-112.71;-120.88;-116.71;-119.07;-110.7;-112.69;-105.21;-89.61;-89.67;-107.92;-113.13;-108.23;-115.32;-108.94;-130.39;-116.98;-116.27;-102.87;-87.95;-105.63;-114.25;-124.28;-113.11;-117.15;-116.96;-115.48;-112.39;-106.1;-108.8;-106.15;-108.62;-115.45;-110.5;-107.33;-127.08;-111.68;-110.18;-108.92;-108.72;-111.05;-112.8;-111.06;-114.23;-113.13;-115.84;-115.16;-116.69;-117.41;-114.18;-108.33;-108.07;-110.46;-114.55;-113.81;-114.34
57.9;-102.86;-104.59;-99.28;-98.21;-101.1;-98.27;-100.05;-100.1;-99;-103.93;-104.79;-104.65;-99.62;-97.68;-96.12;-79.67;-84.01;-95.91;-107.77;-99.67;-102.84;-95.81;-108.08;-98.77;-121.07;-103.23;-79.57;-95.51;-106.89;-105.54;-106.79;-107.7;-108.34;-107.61;-107.8;-104.77;-89.82;-93.93;-106.66;-110.71;-117.98;-100.93;-120.24;-111.43;-114.14;-111.83;-106.29;-105.73;-112.21;-114.24;-106.58;-113.6;-110.21;-110.31;-106.58;-108.57;-108.59;-111.53;-107.26;-109.47;-114.9;-117.05;-110.96
58;-111.63;-114.46;-99.56;-100.07;-103.58;-104.1;-109.72;-102;-102.73;-106.82;-107.37;-106.15;-102.15;-101.15;-96.46;-89.81;-89.07;-97.52;-98.4;-98.88;-110.63;-95.37;-105.29;-105.92;-108.04;-103.72;-81.02;-103.31;-114.07;-106.7;-106.24;-107.66;-112.25;-107.19;-105.59;-109.96;-91.12;-94.17;-120.94;-111.14;-108.51;-106.27;-114.89;-114.34;-113.66;-118.64;-113.89;-105.78;-115.28;-114.3;-111.81;-117.07;-112.06;-114;-115.03;-130.4;-118.22;-126.9;-120.37;-120.06;-114.63;-121.51;-116.13
58.1;-109.48;-109.88;-98.32;-99.84;-101.02;-95;-102;-100.89;-101.66;-105.12;-102.59;-106.93;-101.44;-100.21;-97.59;-82.17;-82.88;-94.97;-98.66;-97.43;-113;-93.25;-102.56;-118.13;-105.28;-99.67;-75.65;-92.08;-106.67;-111.47;-103.45;-105.92;-109.49;-104.07;-103.48;-110.58;-85.79;-87.1;-108.57;-106.66;-104.06;-109.47;-106.45;-114.58;-107.15;-111.32;-126.21;-99.61;-112.34;-112.95;-108.59;-114.6;-110.97;-112.34;-114.21;-121.54;-133.78;-115.99;-119.35;-117.67;-115.51;-126.12;-112.91
58.2;-110.9;-111.4;-101.41;-106.12;-102.6;-96.83;-101.26;-104.16;-104.23;-106.36;-103.6;-105.54;-104.01;-99.65;-96.92;-82.42;-86.15;-101.61;-103.58;-100.89;-110.66;-94.12;-103.63;-109.39;-102.91;-104.9;-76.84;-93.89;-109.06;-114.83;-103.88;-105.69;-109.29;-105.25;-104.61;-102.85;-86.17;-88.24;-114.1;-106.16;-104.96;-111.43;-106.89;-113.07;-108.1;-111.43;-113.17;-99.35;-109.15;-108.3;-109.61;-110.25;-107.45;-110.29;-111.66;-115.07;-121.61;-118.15;-120.06;-119.84;-117.98;-118.85;-107.28
58.3;-92.42;-96.75;-88.49;-91.09;-89.9;-81.77;-85.59;-89.82;-92.74;-90.24;-89.94;-91.07;-91.06;-84.77;-84.43;-69.39;-70.25;-89.51;-86.01;-90.05;-104.18;-80.96;-89.97;-97.05;-89.55;-81.83;-63.91;-75.42;-93.1;-96.3;-89.99;-92.09;-96.13;-94.39;-87.76;-93.14;-71.35;-73.27;-96.23;-89.64;-92.54;-98.25;-91.16;-97.2;-93.22;-93.86;-94.85;-85.26;-93.16;-95.07;-97.84;-93.8;-92.18;-96.03;-95.9;-104.42;-112.09;-110.69;-113.37;-109.05;-98.72;-98.56;-92.68
58.4;-102.45;-103.03;-106.16;-103.05;-103.22;-92.12;-100.58;-100.14;-105.23;-101.14;-100.77;-104.07;-104.38;-96.87;-97.98;-80.03;-83.43;-104.87;-98.82;-107.01;-111.28;-91.34;-101.21;-105.34;-97.06;-93.34;-73.71;-88.7;-101.47;-112.51;-100.09;-101.65;-103.3;-105.66;-97.75;-100.1;-83.6;-84.42;-108.26;-100.97;-107.16;-107.64;-101.58;-104.18;-107.45;-103.25;-102.91;-95.25;-100.78;-104.47;-106.73;-102.9;-101.56;-104.61;-104.66;-109.85;-124.75;-115.83;-126.35;-119.05;-111.69;-110.6;-101.08
58.5;-98.07;-101.38;-108.67;-96.78;-95.06;-86.82;-93.99;-95.08;-103.59;-97.73;-97.08;-99.93;-102.23;-91.86;-98.1;-75.48;-76.85;-103.63;-95.6;-101.66;-102.64;-86.49;-97.3;-107.87;-93.3;-83;-69.94;-81.71;-95.37;-103.99;-95.59;-97.41;-99.8;-104.61;-92.97;-97.76;-78.6;-78.6;-101.43;-95.8;-103.8;-101.2;-96.29;-98.94;-104.48;-97.13;-97.84;-90.82;-95.23;-98.4;-105.04;-99.91;-96.86;-98.48;-101.6;-107.45;-113.88;-105.84;-110.35;-108.15;-105.91;-101.92;-96.6
58.6;-100.22;-102.03;-104.27;-91.07;-104.63;-86.66;-94.53;-94.52;-109.01;-98.23;-96.93;-99.05;-99.6;-91.14;-95.49;-73.74;-76.64;-97.52;-90.77;-98.76;-99.08;-83.65;-93.74;-100.59;-90.79;-85.35;-67.29;-76.84;-94.82;-96.29;-95;-95.96;-96.32;-100.64;-91.14;-93.49;-75.77;-78.35;-110.11;-93.96;-99.68;-101.69;-93.85;-100.14;-109.42;-96.87;-98.48;-90.85;-97.05;-96.03;-103.43;-96.18;-95.08;-95.01;-98.6;-102.1;-106.72;-100.47;-102.56;-105.43;-104.98;-102.54;-93.94
58.7;-92.29;-97.59;-97.05;-87.47;-94.43;-80.11;-97.94;-89.72;-98.92;-95.32;-91.53;-96.8;-92.89;-85.17;-93.55;-66.95;-67.51;-98.64;-84.43;-92.31;-96.6;-77.42;-89.53;-98.79;-85.19;-73.61;-61.2;-72.4;-86.98;-92.28;-88.73;-88.54;-93.18;-93.89;-88.35;-92.98;-71.09;-71.1;-101.11;-87.75;-91.5;-94.97;-86.65;-94.67;-100.94;-90.54;-95.6;-87.73;-93.94;-91.86;-95.29;-94.23;-89.65;-91.34;-93.45;-95.18;-99.85;-92.95;-93.54;-95.48;-95.1;-93.95;-86.82
58.8;-113.15;-110.43;-110.38;-109.28;-113.96;-97.63;-108.27;-110.36;-117.61;-116.73;-115.44;-114.34;-114.14;-106.73;-109.22;-87.03;-86.63;-109.98;-106.79;-105.85;-107.81;-96.2;-106.05;-112.64;-105.97;-93.76;-80.04;-90.3;-106.08;-110.44;-109.68;-107.81;-113.37;-110.99;-107.05;-114;-90.22;-89.43;-116.22;-109.87;-108.84;-125.63;-105.14;-115.22;-117.75;-109.46;-123;-109;-121.95;-107.59;-110.42;-111.71;-106.96;-108.25;-114.3;-113.58;-112.42;-106.49;-104.73;-109.2;-112.96;-110.76;-106.72
58.9;-114.22;-107.41;-107.33;-103.97;-118.2;-89.38;-105.72;-105.29;-104.81;-108.65;-111.61;-118.59;-105.7;-102.63;-92.35;-79.09;-79.45;-100.4;-100.35;-104.58;-101.86;-89.49;-97.17;-109.23;-103.89;-86.19;-74.16;-82.89;-102.73;-104.38;-102.3;-107.45;-107.24;-106.81;-100.5;-108.08;-88.92;-84.46;-109.71;-99.4;-104.31;-109.35;-101.6;-108.86;-106.37;-101.49;-111.96;-110.02;-107.01;-106.08;-100.97;-104.11;-103.88;-99.87;-104.9;-103.23;-105.08;-99.45;-100.46;-106.83;-102.56;-102.83;-102.13
59;-106.8;-103.51;-99.79;-100.19;-101.55;-100.36;-101.12;-101.26;-101.1;-103.96;-104.07;-103.55;-100.76;-101;-93.91;-81.01;-81.72;-98.34;-96.09;-104.5;-101.56;-89.62;-103.66;-111.2;-103.28;-95.51;-80.84;-95.47;-104.74;-104.38;-106.28;-104.89;-104.8;-102.87;-106.72;-107.69;-96.94;-97.66;-105.06;-108.31;-103.9;-107.46;-103.1;-112.98;-109.21;-106.7;-110.05;-103.51;-100.92;-99.05;-100.63;-106.44;-103.18;-102.86;-102.36;-103.78;-105.12;-99.77;-101.72;-102.91;-105.87;-109.71;-104.65
59.1;-103.53;-116.52;-91.91;-102.27;-106.1;-92.53;-99.95;-97.55;-99.63;-104.26;-101.76;-105.15;-99.1;-96.85;-96.31;-77.3;-79.67;-96.65;-99.13;-90.89;-107.32;-93.86;-97.27;-96.62;-110.43;-92.86;-73.54;-82.75;-117.02;-106.75;-108.45;-102.97;-104.58;-104.53;-110.9;-111.16;-87.47;-92.62;-103.4;-110.49;-104.57;-102.58;-105.07;-130.34;-107.47;-116.58;-106.27;-105.2;-106.76;-103.18;-107.27;-110.86;-107.43;-111.75;-110.81;-110.06;-105.84;-106.29;-109.85;-103.07;-101.93;-107.43;-111.47
59.2;-106.4;-115;-104.38;-105.41;-109.41;-99.72;-104.23;-103.23;-103.94;-108.89;-108.96;-107.58;-104.13;-104.32;-114.43;-83.79;-86.91;-104.4;-111.39;-103.66;-111.71;-99.19;-107.84;-114.81;-112.73;-94.97;-79.09;-100.42;-120.29;-109.14;-112.39;-108.28;-109.3;-105.45;-112.79;-116.64;-90.22;-91.91;-111.35;-111.84;-108.82;-112.9;-115.25;-127.59;-113.43;-115.81;-118.65;-108.54;-113.09;-117.42;-110.44;-120.13;-114.76;-117.57;-118.81;-117.33;-120.81;-124.96;-118.29;-114.95;-111.85;-123.43;-123.44
59.3;-94.52;-94.56;-91.21;-88.76;-93.52;-90.45;-97.69;-89.71;-90.62;-95.38;-96.33;-93.86;-88.5;-87.72;-87.75;-70.33;-70.51;-91.08;-89.81;-88.87;-93.91;-84.82;-90.74;-100.54;-88.85;-81.16;-64.99;-73.34;-98.8;-96.37;-92.67;-95.27;-96.68;-89.67;-90.71;-95.6;-75.26;-75.38;-102.27;-96.65;-90.77;-94.56;-95.85;-101.33;-93.31;-98.76;-102.89;-93.24;-103.23;-97.43;-94.94;-102.37;-99.84;-101.94;-101.18;-100.27;-111.86;-104.44;-98.02;-100.72;-98.4;-95.19;-98.96
59.4;-99.91;-101.41;-100.17;-93.9;-98.85;-97.83;-99.69;-95.25;-94.31;-99.08;-100.31;-99.76;-92.17;-90.96;-90.15;-74.36;-75.16;-94.87;-92.29;-97.84;-97.93;-90.2;-96.47;-105.19;-94.78;-86.76;-67.93;-86.35;-107.35;-101.91;-97.62;-101.45;-101.86;-96.01;-95;-99.59;-79.38;-80.06;-103.11;-98.85;-95.82;-104.2;-101.71;-110.39;-96.75;-99.32;-107.76;-94.46;-105.89;-101.88;-98.08;-103.22;-104.3;-102.67;-107.99;-104.97;-108.15;-103.68;-105.07;-105.25;-102.35;-104.78;-100.99
59.5;-101.2;-102.34;-100.28;-93.71;-98.78;-102.31;-98.43;-93.75;-96.48;-98.64;-100.65;-103.94;-94.25;-91.16;-99;-74.78;-76.75;-95.83;-96.07;-97.57;-101.42;-90.81;-94.19;-102.6;-94.52;-90.08;-71.27;-80.36;-102.83;-98.77;-96.82;-102.94;-103.13;-94.47;-93.23;-101.2;-79.35;-80.4;-105.46;-96.86;-94.21;-111.19;-99.86;-109.88;-97.43;-96.98;-104.45;-92.81;-101.08;-99.91;-98.37;-101.46;-101.12;-101.09;-105.29;-101.4;-103.28;-100.56;-103.03;-107.43;-101.16;-106.15;-100.62
59.6;-99.36;-108.79;-94.76;-90.73;-97.84;-100.81;-99.08;-92.31;-96.03;-95.2;-98.13;-99.71;-92.78;-88.32;-90.66;-74;-74.94;-95.05;-91.71;-90.06;-115.04;-89.99;-92.35;-104.29;-92.56;-85.42;-66.9;-84.79;-99.85;-96.46;-93.72;-99.11;-101.17;-92.85;-90.31;-99.25;-78.07;-78.12;-101.19;-94.59;-93.09;-122.14;-94.29;-105.3;-96.87;-93.62;-99.31;-90.75;-98.45;-95.75;-98.01;-98.51;-98.89;-97.87;-100.97;-98.32;-103.63;-99.06;-102.44;-105.75;-98.72;-101.02;-97.44
59.7;-89.2;-94.29;-86.45;-83.02;-92.42;-89.83;-87.46;-84.82;-92.36;-87.05;-89.51;-91.42;-84.95;-80.18;-83.55;-64.44;-68.2;-89.68;-82.97;-81.81;-90.92;-80.73;-82.28;-97.76;-85.54;-81.43;-60.11;-72.34;-100.48;-86.49;-84.55;-91.37;-90.59;-85.08;-81.49;-85.49;-68.16;-69.66;-92.13;-84.51;-83.15;-105.76;-85.7;-93.2;-89.43;-85.2;-90.41;-82.72;-90.23;-87.76;-90.92;-87.78;-89.99;-88.9;-88.18;-88.9;-94.36;-90.49;-92.41;-96.52;-90.02;-92.06;-89.56
59.8;-101.94;-102.32;-115.55;-97.45;-106.95;-100.54;-104.8;-97.27;-107.12;-99.32;-101.16;-108.08;-99.79;-95.07;-102.2;-79.7;-79.92;-98.74;-94.97;-98.79;-106.57;-92.74;-94.25;-102.64;-96.55;-89.98;-72.09;-84.29;-99.12;-98.41;-96.61;-105.25;-104.41;-100.87;-95.27;-105.43;-82.43;-83.37;-104.16;-96.83;-99.08;-108.43;-98.9;-101.95;-103.35;-98.81;-103.28;-96.32;-103.46;-99.63;-105.4;-99.59;-102.89;-101.22;-101.36;-104.89;-105.4;-101.88;-103.49;-107.32;-103.9;-102.11;-99.82
59.9;-102.31;-102.69;-104.66;-96.92;-106.8;-94.41;-102.1;-98.24;-111.18;-98.39;-99.95;-103.13;-100.64;-94.77;-102.98;-78.67;-77.92;-104.66;-95.96;-106.99;-115.86;-90.88;-92.18;-95.27;-95.41;-87.8;-70.17;-87.3;-98.14;-97.31;-95.49;-101.83;-107.83;-100.62;-94.95;-102.83;-81.23;-82.08;-102.56;-96.49;-97.26;-102.07;-97.31;-98.57;-100.57;-96.52;-101.31;-98.63;-101.68;-100.25;-106.12;-96.78;-99.04;-100.74;-101.16;-102.89;-104.21;-99.28;-100.45;-106.56;-102.39;-100.29;-98.38
60;-94.71;-95.28;-112.08;-91.49;-101.04;-86.29;-100.19;-92.63;-111.33;-91.85;-94.65;-97.65;-97.53;-87.71;-100.42;-71.89;-71.55;-94.83;-89.12;-92.48;-100.97;-88.98;-89.76;-90.51;-91.09;-81.29;-65.23;-83.26;-92.55;-92.54;-89.08;-97.2;-100.34;-94.09;-88.29;-104.57;-78.03;-77.48;-96.47;-90.1;-92.12;-96.94;-92.94;-91.48;-99.57;-91.45;-100.47;-97.34;-94.73;-94.02;-101.3;-92.74;-93.19;-92.49;-91.91;-97.12;-98.72;-92.38;-92.14;-99.51;-98;-91.61;-92.35
60.1;-100.07;-95.57;-99.09;-101.76;-104.97;-91.66;-100.97;-102.45;-103.21;-97.13;-101.48;-104.12;-105.74;-96.89;-100.33;-76.58;-77.83;-103.79;-104.28;-109.11;-106.77;-91.22;-90.5;-94;-96.74;-86.26;-70.2;-87.12;-103.91;-95.56;-95.39;-105.26;-101.7;-98.68;-93.83;-106.51;-86.71;-80.66;-103.84;-92.73;-93.46;-103.12;-95.36;-94.5;-104.16;-94.07;-98.52;-101.06;-98.12;-97.07;-104.31;-96.87;-97.33;-95.32;-96.38;-101.96;-98.61;-93.95;-93.08;-97.19;-101.1;-95.67;-94.97
60.2;-111.02;-102.43;-112.63;-106.45;-112.17;-101.44;-110.63;-107.87;-109.52;-104.85;-110.17;-110.33;-118.94;-107.39;-103.46;-85.88;-85.58;-116.73;-104.51;-106;-115.84;-100.26;-100.64;-104.82;-114.84;-97.92;-83.09;-92.08;-111.31;-106.36;-107.02;-115.84;-114.04;-110.97;-108.12;-117.66;-103.47;-106.17;-110.69;-107.06;-105.18;-119.26;-106.65;-111.31;-113.48;-109.87;-108.21;-113.45;-109.86;-108.56;-117.02;-107.1;-106.34;-108.49;-109.14;-111.38;-111.73;-104.07;-103.64;-110.82;-117.77;-106.09;-106.82
60.3;-97.47;-99.52;-103.62;-100.72;-102.89;-98.81;-99.31;-101.27;-106.23;-97.73;-100.24;-102.34;-108.72;-99.67;-101.51;-81.23;-82.97;-101.44;-102.3;-104.65;-107.1;-97.08;-96.7;-106.37;-100.66;-92.39;-75.99;-91.09;-104.65;-99.41;-98.26;-103.86;-123.56;-106.98;-101.23;-106.11;-97.95;-88.27;-109.1;-112.08;-102.79;-106.63;-104.93;-111.08;-107.01;-116.85;-130.74;-103.01;-106.34;-100.58;-110.16;-110.53;-102;-106.36;-112.35;-106.16;-110.06;-106.9;-108.08;-118.94;-108.14;-115.79;-104.87
60.4;-93.65;-95.43;-101;-102.94;-97.87;-94.97;-96.13;-106.21;-104.63;-95.68;-98.23;-98.1;-112.5;-106.33;-105.84;-77.39;-78.89;-99.11;-100.34;-116.84;-112.11;-97.66;-93.19;-96.61;-112.88;-90.47;-73.32;-84.48;-104;-98.17;-98.46;-108.26;-103.36;-109.01;-105.12;-106.22;-87.25;-86.84;-108.11;-101.6;-104.03;-128.34;-100.54;-103.38;-105.41;-110.07;-107.8;-102.63;-113.49;-103.17;-106.69;-103.19;-102.21;-105.43;-106.19;-105.96;-106.12;-104.02;-107.85;-107.4;-105.41;-108.43;-101.05
60.5;-100.49;-104.27;-120.71;-114.53;-105.99;-101.09;-104.16;-110.61;-111.5;-101.05;-102.68;-106.34;-120.82;-115.48;-101.68;-86.22;-86.07;-104.84;-106.79;-110.6;-115.49;-102.58;-98.97;-105.65;-120.87;-96.86;-77.18;-92.07;-119.98;-103.97;-102.2;-107.69;-109.59;-111.46;-113.74;-114.55;-87.25;-89.35;-115.77;-111.04;-109.09;-120.15;-105.88;-107.18;-112.6;-130.64;-112.7;-104.9;-115.32;-115.2;-109.86;-106.48;-105.08;-107.51;-112.02;-111.07;-112.97;-109.1;-107.73;-122.93;-112.94;-112.82;-106.78
60.6;-101.8;-103.99;-116.87;-106.47;-107.68;-100.08;-110.13;-112;-110.77;-103.21;-104.81;-109.12;-116.35;-119.29;-99.86;-85;-85.23;-104.6;-112.35;-106.26;-113.7;-103.64;-99.12;-105.81;-116.27;-97.05;-77.24;-93.16;-115.49;-105.34;-103.03;-108.52;-111.53;-111.52;-119.01;-112.73;-89.72;-89.92;-119.05;-115.12;-111.04;-114.7;-104.69;-106.15;-110.86;-128.07;-112.64;-105.04;-113.87;-119.56;-111.04;-107.19;-106.85;-107.42;-107.46;-110.07;-109.82;-106.21;-107.13;-112.55;-111.04;-113.12;-105.46
60.7;-90.76;-90.69;-99.51;-97.35;-96.65;-88.17;-97.79;-96.88;-97.12;-91.36;-93.63;-94.85;-99.5;-99.49;-94.1;-72.65;-73.35;-92.32;-97.15;-95.14;-95.79;-89.05;-87;-94.29;-100.56;-85.96;-64.55;-80.72;-100.77;-94.71;-91.08;-96.21;-98.89;-96.98;-105.2;-101.5;-75.79;-77.06;-105.95;-104.58;-97.6;-100.71;-96.12;-94.63;-99.69;-110.65;-100.84;-92.75;-101.26;-112.87;-98.15;-96.23;-95.05;-95.83;-95.06;-97.97;-96.72;-96.48;-96.6;-100.16;-101.5;-98.75;-97.14
60.8;-95.55;-95.83;-96.55;-109.33;-103.55;-93.93;-104.81;-104.46;-100.93;-98.56;-101.53;-104.19;-99.68;-100.48;-97.06;-78;-78.3;-97.19;-100.73;-97.31;-101.64;-93.05;-92.71;-96.08;-102.64;-91.08;-70.6;-86.99;-101.79;-99.94;-98.19;-103.52;-104.27;-101.18;-106.45;-105.53;-81.92;-82.09;-109.28;-107;-103.58;-106.24;-100.34;-99.75;-101.26;-123.09;-105.07;-97.54;-108.27;-129.27;-103.05;-101.72;-102.29;-101.52;-101.22;-103.22;-103.33;-99.46;-99.7;-103.21;-106.97;-101.94;-101.41
60.9;-104.44;-102.86;-103.84;-106.33;-110.53;-97.94;-111.94;-106.81;-104.67;-104.06;-105.8;-110.71;-104.3;-102.35;-99.87;-82.11;-83.71;-102.69;-105.79;-105.3;-109.45;-97.18;-100.67;-105.02;-103.68;-98.08;-75.62;-92.41;-105.84;-106.51;-104.56;-109.07;-113.96;-106.29;-108.5;-108.55;-87.39;-88.12;-111.38;-109.75;-107.74;-111.69;-105.96;-107.17;-108.22;-121.25;-113.63;-104.03;-112.89;-121.99;-108.17;-109.69;-109.48;-107.96;-109.48;-107.07;-107.3;-107.06;-107.13;-109.1;-112.72;-111.02;-110.14
61;-104.39;-99.81;-97.15;-100.5;-102.5;-92.03;-101.21;-102.11;-98.53;-100.97;-101.72;-102.75;-97.89;-93.71;-99.5;-76.03;-76.92;-99.58;-96.28;-98.07;-105.42;-89.94;-96.32;-99.08;-94.59;-88.31;-69.53;-86.65;-99.49;-105.12;-99.79;-105.99;-103.77;-97.7;-97.77;-100.76;-79.34;-81.15;-104.63;-101.85;-102.01;-103.15;-100.79;-98.65;-100.64;-118.62;-106.35;-97.16;-108.66;-117.9;-100.28;-102.32;-102.09;-100.39;-101.99;-102.87;-101.2;-101.45;-100.38;-100.72;-105.34;-104.72;-103.21
61.1;-112.53;-100.84;-98.21;-98.69;-102.9;-90.28;-105.73;-100.17;-96.23;-102.07;-102.89;-103.81;-98.44;-95.37;-96.8;-76.51;-77.14;-101.42;-95.31;-98.45;-109.76;-90.65;-98.25;-100.07;-98.79;-87.48;-70.7;-86.76;-98.22;-104.52;-102.99;-105.12;-106.22;-100.41;-102.41;-102.32;-81.85;-83.11;-104.98;-104.38;-100.48;-106.57;-104.42;-101.27;-102.86;-118.16;-108.85;-100.06;-106.26;-118.91;-102.47;-103.64;-103.72;-102.35;-103.28;-105.11;-101.67;-102.81;-102.83;-103.02;-105.36;-110.48;-107.07
61.2;-107.97;-108.79;-102.35;-101.95;-111.9;-97.66;-108.11;-105.01;-105.25;-108.32;-109.89;-108.93;-102.59;-99.04;-106.71;-81.44;-84.12;-108.9;-98.51;-101.84;-105.15;-93.25;-100.29;-102.74;-101.21;-93.62;-75.32;-88.06;-104.98;-111.11;-107.66;-111.92;-110.14;-106.54;-102.43;-105.85;-85.37;-85.81;-104.81;-102.84;-105.21;-105.54;-102.83;-104.1;-104.62;-111.4;-107.9;-101.7;-109.79;-116.16;-103.86;-109.71;-105.65;-106.16;-109.35;-105.47;-104.59;-104.54;-104.4;-105.03;-107.58;-107.69;-105.86
61.3;-111.99;-107.66;-104.64;-102.58;-108.37;-99.93;-106.68;-101.69;-107.74;-109.73;-115.63;-109.47;-108.18;-99.47;-113.25;-82.72;-84.07;-119.33;-99.49;-100.49;-107.26;-98.17;-106.46;-107.32;-103.55;-94.5;-79.53;-92.94;-107.38;-111.49;-108.26;-126.29;-112.35;-108.92;-103.64;-109.95;-91.26;-91.92;-110.58;-108.28;-107.74;-109.38;-110.11;-110.48;-109.31;-117.36;-114.43;-118.39;-109.75;-115.82;-110.14;-110.53;-113.62;-112.42;-119.16;-110.59;-110.78;-106.88;-110.47;-110.9;-112.29;-114.77;-115.03
61.4;-100.34;-113.66;-99.16;-92.06;-117.9;-95.76;-107.34;-95.37;-105.35;-105.91;-108.43;-105;-97.41;-91.37;-95.05;-75.6;-79.36;-99.76;-93.73;-98.64;-105.2;-87.97;-100.52;-110.99;-94.35;-102.78;-71.53;-81.85;-99.64;-97.87;-104.01;-111.57;-105.58;-97.04;-92.62;-100.24;-87.63;-89.4;-100.34;-99.48;-100.59;-107.97;-100.58;-104.31;-101.15;-116.96;-114.28;-103.04;-106.67;-100.36;-100.49;-104.69;-105.12;-104.16;-106.64;-102.59;-106.71;-99.46;-103.54;-105.15;-100.28;-104.06;-103.57
61.5;-107.27;-111.82;-113.57;-100.89;-119.72;-104.04;-119.84;-105.96;-115.06;-113.14;-130.71;-115.09;-111.21;-101.35;-108.15;-85.92;-84.41;-111.48;-100.07;-108.66;-112.09;-108.33;-106.15;-119.92;-109.84;-95.55;-84.03;-98.19;-108.74;-115.59;-111.81;-126.43;-116.65;-113.39;-113.43;-110.94;-102.72;-102.13;-112.59;-110.67;-108.78;-111.01;-118.25;-116.76;-110.66;-115.61;-119.45;-113.83;-115.34;-114.96;-116.67;-122.75;-122.92;-125.38;-122.26;-118.43;-119.51;-112.82;-114.99;-119.41;-117.22;-120.42;-131.57
61.6;-104.99;-107.49;-110.18;-99.85;-113.48;-108.19;-110.13;-99.21;-106.79;-108.6;-124.25;-106.48;-103.27;-96.46;-100.94;-82.3;-82.68;-113.36;-99.18;-103.02;-105.72;-104.5;-102.28;-111.15;-101.23;-92.71;-76.88;-91.68;-102.91;-105.27;-103.7;-117;-111.59;-106.27;-102.58;-111.74;-91.75;-92.87;-110.41;-102.93;-103.77;-105.2;-116.53;-108.07;-108.67;-107.22;-115.2;-109.87;-117.91;-109.35;-111.1;-112.31;-118.97;-122.21;-113.31;-114.1;-113.68;-106.19;-109.24;-110.47;-109.53;-112.39;-123.52
61.7;-99.55;-104.5;-105.01;-95.99;-105.89;-109.03;-103.49;-96.01;-106.63;-100.85;-117.03;-101.54;-98.36;-92.78;-110.22;-77.31;-78.27;-98.91;-91.28;-96.69;-101.82;-92.65;-97.44;-106.74;-96.46;-88.45;-71.41;-84.49;-97.58;-98.7;-97.32;-106.33;-103.08;-102.22;-95.75;-107.21;-84.4;-87.02;-107.92;-98.75;-97.89;-103.19;-107.51;-103.6;-99.82;-101.75;-111.29;-102.17;-123.75;-107.29;-108.56;-104.89;-116.74;-116.84;-109.34;-108.85;-105.4;-105.86;-105.56;-106.44;-104.1;-110.58;-115.35
61.8;-95.08;-99.13;-95.61;-92.13;-97.45;-89.69;-93.14;-89.98;-95;-94.09;-104.41;-96.26;-90.5;-86.12;-97.23;-72.15;-71.61;-95.44;-89.48;-91.5;-93.44;-85.39;-91.32;-94.93;-89.62;-80.13;-63.58;-76.63;-89.93;-89.67;-90.07;-98.72;-95.35;-92.4;-90;-96.37;-77.68;-77.49;-96.4;-92.74;-90.37;-94.71;-103.34;-96.41;-97.49;-93.68;-102.17;-91.03;-106.19;-95.88;-99.15;-95.56;-101.32;-105.72;-97.39;-99.94;-98.88;-93.81;-94.28;-100.33;-96.22;-97.55;-109.04
61.9;-108.95;-110.46;-109.48;-110.42;-112.03;-103.24;-108.37;-108.34;-115.05;-109.38;-123.49;-112.24;-105.85;-102.83;-106.63;-87.98;-90.07;-106.43;-103.54;-105.62;-107.3;-97.54;-103.44;-106.81;-109.81;-99.47;-78.34;-97.15;-108.93;-103.87;-103.42;-112.55;-110.57;-108.49;-104.65;-109.03;-91.43;-92.37;-111.32;-106.1;-105.05;-111.1;-116.4;-111.68;-112.67;-109.92;-114.87;-104.71;-112.48;-114.91;-119.31;-110.5;-121.19;-124.35;-114.08;-119.64;-116.61;-110.16;-108.37;-121;-112.59;-111.69;-126.67
62;-101.85;-103.26;-107.39;-103.96;-100.14;-93.92;-99.79;-106.04;-110.56;-100.86;-107.75;-102.99;-99.26;-98.2;-98.1;-79.18;-79.44;-94.83;-99.73;-104.6;-98.73;-89.89;-94.35;-97.61;-105.37;-88.64;-70.04;-87.32;-100.43;-97.1;-96.03;-102.03;-102.18;-100.14;-99.26;-99.33;-83.19;-82.95;-98.52;-99.71;-99.41;-101.35;-108.99;-103.11;-105.78;-106.04;-100.22;-94.28;-101.18;-108.07;-109.29;-101.97;-107.53;-114.89;-103.93;-112.05;-105.05;-99.29;-99.36;-109.93;-104.31;-102.15;-110.19
62.1;-103.05;-104.49;-105.39;-108.66;-98.63;-94.41;-100.34;-110.68;-112.86;-100.45;-108.43;-104.76;-100.87;-107.5;-100.66;-78.47;-80.9;-94.46;-99.88;-97.45;-99.67;-89.17;-93.25;-99.64;-102.27;-91.2;-70.34;-85.68;-100.32;-97.73;-96.44;-102.95;-102.09;-100.35;-102.46;-98.55;-83.79;-83.75;-97.39;-103.32;-100.24;-99.85;-110.66;-102.9;-105.46;-110.22;-98.56;-95.58;-98.09;-121.62;-109.1;-101.42;-106.91;-109.73;-103.45;-112.44;-106.51;-98.63;-97.88;-109.16;-107.9;-102.44;-111.57
62.2;-106.45;-101.41;-102.93;-118.17;-97.97;-92.89;-99.56;-113.35;-110.72;-99.71;-107.69;-103.08;-99.51;-109.77;-99.25;-79.9;-79.39;-96.49;-103.23;-100.02;-100.74;-90.23;-92.5;-99.04;-98.04;-90.6;-70.54;-93.41;-97.88;-97.17;-96.2;-105.1;-101.23;-99.76;-106.16;-97.78;-82.92;-82.99;-95.48;-105.61;-99.64;-98.83;-108.95;-102.51;-108.38;-112.4;-97.85;-95.8;-97.19;-120.21;-108.23;-99.11;-105.63;-109.3;-101.01;-110.94;-103.25;-95.49;-96.11;-105.8;-105.75;-102;-105.51
62.3;-117.4;-111.16;-119.24;-136.95;-115.2;-106.24;-116.3;-119.3;-127.21;-108.92;-121.52;-112.08;-113.21;-121.39;-113.61;-89.57;-90.63;-109.52;-113.31;-108.49;-113.15;-100.42;-103.91;-110.45;-107.69;-114.69;-81.93;-100.55;-107.77;-110.09;-107.55;-115.58;-111.09;-113.77;-129.06;-108.38;-94.15;-93.95;-107.73;-116.72;-111.65;-109.86;-126.38;-114.45;-128.28;-127.73;-108.43;-107.6;-108.64;-118;-128.25;-110.9;-118.83;-120.11;-111.86;-128.95;-114.44;-108.32;-108.12;-118.35;-127.52;-113.27;-119.45
62.4;-107.28;-95.33;-106.01;-105.63;-100.1;-87.2;-96.37;-98.29;-102.51;-94.8;-105.38;-97.61;-99.74;-97.38;-101.52;-72.52;-74.57;-98.07;-96.29;-97.64;-96.7;-87.52;-88.45;-96;-90.34;-90.08;-65.77;-89.89;-91.58;-94.03;-91.23;-101.84;-98.3;-99.67;-111;-94.41;-78.13;-78.65;-91.64;-103.04;-94.73;-93.52;-104.29;-97.56;-107.99;-107.13;-92.27;-92.81;-93.26;-102.49;-125.33;-93.46;-104.09;-107.61;-95.94;-118.78;-97.15;-93.45;-91.92;-99.76;-114.12;-95.99;-101.33
62.5;-112.04;-108.93;-125.69;-111.44;-114.89;-99.28;-115.98;-110;-111.54;-107.14;-121.76;-112.62;-126.34;-108.16;-106.55;-86.04;-87.84;-120.22;-106.68;-118.66;-107.39;-97.86;-99.96;-106.93;-99.82;-121.17;-80.04;-99.82;-104.68;-106.82;-104.45;-131.52;-108.61;-117.29;-123.64;-104.33;-93.45;-91.05;-100.91;-113.01;-105.24;-105.02;-116.62;-107.39;-115.02;-119.67;-103.75;-105.18;-105.6;-112.55;-114.84;-103.71;-117.04;-119.51;-106.46;-117.1;-107.96;-102.47;-105.45;-109.19;-117.65;-107.85;-112.98
62.6;-111.24;-106.9;-111.11;-106.64;-106.41;-96.49;-109.72;-108.51;-111.86;-106.21;-129.01;-111.37;-120.75;-106.49;-112.66;-86.77;-86.77;-112.85;-113.46;-110.22;-111.1;-104.03;-104.22;-112.56;-101.97;-102.26;-83.16;-98.47;-103.05;-111.79;-108.54;-125.17;-112.16;-120.69;-115.22;-105.67;-101.42;-95.74;-106.06;-117.79;-110.1;-108.53;-124.45;-111.32;-110.08;-117.46;-108.28;-109.07;-107.01;-115.97;-117.14;-108.89;-123.17;-116.55;-108.39;-112.61;-108.36;-110.49;-107.29;-111.2;-112.9;-109.44;-124.61
62.7;-114.08;-106.61;-129.86;-110.35;-114.65;-102.9;-112.35;-109.96;-113.82;-110.32;-125.81;-111.39;-126.1;-109.58;-118.92;-87.33;-90.06;-118.95;-110.54;-117.72;-112.26;-110.1;-112.01;-119.07;-111.07;-105.35;-89.4;-103.63;-109.64;-119.05;-114.12;-134.87;-119.47;-127.37;-119.63;-116.23;-99.89;-105.14;-113.21;-118.87;-114.64;-118.53;-133.41;-120.31;-124.25;-119.85;-125.95;-117.25;-122.03;-127.16;-131.57;-118.65;-127.25;-120.43;-118.47;-121.92;-120.03;-121.31;-122.23;-122.98;-120.39;-121.75;-128.39
62.8;-95.07;-89.15;-95.82;-93.67;-96.95;-87.2;-96.33;-92.18;-95.75;-93.17;-102.14;-93.17;-102.18;-90.16;-95.74;-68.94;-69.99;-99.67;-90.03;-99.16;-89.86;-84.91;-90.64;-96.72;-87.02;-80.18;-65.73;-79.29;-87.62;-97.1;-95.45;-105.76;-97.78;-115.16;-96.68;-94.5;-76.46;-79.34;-92.26;-95;-97.51;-96;-110.78;-99.42;-103.96;-98.55;-105.68;-91.1;-118.46;-107.52;-108.88;-95.57;-107.55;-109.25;-98.91;-105.22;-102.48;-105.03;-109.27;-104.42;-100.6;-102.06;-101.13
62.9;-112.66;-103.4;-103.33;-100.87;-110.81;-102.14;-107.61;-102.37;-105.28;-104.18;-112.88;-106.69;-109.77;-99.53;-117.21;-80.81;-82.56;-110.74;-101;-113.21;-101.48;-94.45;-106.89;-114.46;-100.59;-92.04;-76.29;-89.02;-99.51;-111.59;-109.13;-109.51;-108.18;-117.04;-106.35;-107.62;-90.02;-90.35;-107.94;-107.32;-112.46;-107.83;-116.85;-109.44;-115.71;-111.43;-114.48;-103.49;-112.58;-117.88;-119.31;-111.37;-119.33;-117.67;-111.25;-118.67;-116.5;-117.92;-117.53;-120.12;-115.17;-113.01;-112.17
63;-107.46;-102.49;-98.44;-94.77;-101.16;-98.97;-101.07;-95.26;-101;-100.58;-104.15;-99.71;-100.73;-92.44;-108.41;-75.74;-76.82;-99.14;-92.29;-100.69;-98.09;-86.88;-99.16;-119.14;-91.5;-83.11;-68.34;-81.27;-92.92;-104.07;-104.29;-102.05;-101.45;-103.73;-95.87;-98.6;-82.33;-82.04;-98.18;-97.25;-103.46;-99.42;-106.71;-103.88;-105.81;-100.45;-101.4;-97.86;-102;-102.87;-105.86;-102.71;-107.53;-106.04;-106.17;-108.19;-109.96;-110.17;-107.28;-113.93;-104.99;-105.09;-102.59
63.1;-106.97;-105.36;-97.48;-97.05;-100.38;-101.14;-102.43;-95.26;-100.22;-102.98;-104.44;-100.36;-97.96;-92.31;-98.44;-76.78;-78.33;-104.3;-94.26;-100.86;-101.52;-86.93;-98.13;-111.45;-93.1;-86.12;-69.06;-83.9;-93.59;-109.97;-102.18;-99.48;-100.57;-100.59;-96.2;-100.71;-83.13;-83.34;-98.75;-96.59;-102.46;-100.64;-104.06;-106.65;-103.15;-99.46;-100.27;-101.7;-102.98;-100.87;-102.62;-104.51;-105.19;-104.8;-103.94;-106.04;-112.18;-109.44;-108.45;-109.77;-104.83;-108.09;-103.09
63.2;-109.39;-102.04;-94.86;-90;-94.21;-95.92;-101.91;-90.99;-94.78;-101.43;-98.09;-94.78;-92.38;-87.42;-93.01;-72.5;-73.28;-95.47;-87.6;-93.09;-92.15;-81.76;-92.82;-102.27;-87.9;-78.81;-64.03;-79.67;-88.78;-98.8;-95.8;-92.45;-96.1;-94.59;-89.55;-96.19;-78.05;-78.01;-93.43;-90.13;-94.59;-95.11;-97.08;-100.61;-95.33;-92.81;-93.37;-96.64;-96.55;-97.73;-97.34;-100.39;-98.54;-97.04;-100.54;-100.51;-110.53;-102.28;-102.96;-104.6;-96.81;-101.44;-95.87
63.3;-112.51;-116.05;-103.59;-98.72;-110.6;-105.3;-111.6;-101.53;-103.33;-115.17;-107.52;-103.63;-99.05;-95.61;-103.58;-82.51;-83.06;-101.18;-98.79;-104.65;-103.81;-90.93;-105.57;-117.74;-98.53;-90.12;-73.22;-85.53;-101.86;-108.07;-102.53;-101.67;-105.1;-102.68;-100.17;-105.9;-88.54;-89.77;-105.96;-100.78;-104.32;-107.46;-110.19;-115.06;-103.47;-103.26;-105;-107.31;-106.65;-110.33;-107.15;-114.05;-110.74;-107.31;-111.94;-108.24;-123.88;-112.46;-113.68;-115.59;-107.37;-113.24;-106.67
63.4;-100.36;-120.85;-93.88;-91.62;-102.62;-91.44;-108.94;-93.17;-94.84;-106.94;-97.87;-94.62;-89.85;-88.35;-92.89;-73.94;-73.87;-91.09;-89;-89.93;-93.35;-82.27;-95.27;-103.58;-90.83;-82.06;-63.81;-79.89;-93.64;-96.2;-90.72;-91.86;-94.36;-90.97;-89.93;-95.53;-78.96;-79.73;-96.1;-91.35;-92.5;-95.45;-100.71;-107;-92.26;-93.32;-96.58;-100.5;-96.83;-99.38;-94.79;-103.94;-98.36;-97.56;-100.39;-96.12;-119.36;-100.27;-99.97;-103.91;-95.79;-100.26;-96.19
63.5;-104.54;-105.75;-95;-94.36;-107.56;-92.63;-106.96;-97.51;-94.4;-106.73;-104.75;-96.19;-90.42;-91.91;-91.77;-74.47;-75.22;-92.56;-93.84;-90.49;-94.58;-84.98;-99.93;-104.66;-93.88;-84.62;-67.11;-82.48;-97.75;-98.35;-94.36;-94.86;-97.66;-94.37;-93.94;-101.46;-80.83;-82.09;-99.8;-94.75;-93.43;-97.9;-104.72;-104.34;-94.4;-95.85;-98.66;-101.76;-99.37;-105.24;-100.59;-108.33;-107.92;-98.1;-103.1;-98.48;-109.34;-103.27;-101.08;-105.97;-98.23;-105.6;-97.5
63.6;-115;-102.61;-94.36;-95.71;-107.01;-91.32;-100.96;-99.7;-97;-102.54;-103.05;-100.94;-92.57;-94.05;-95.89;-74.54;-75.94;-93.68;-94.06;-93.93;-100.66;-83.4;-99.06;-98.44;-94.85;-86.23;-66.44;-83.39;-100.11;-94.05;-93.98;-95.09;-98;-93.56;-93.54;-97.57;-82.17;-80.94;-100.58;-93.62;-93.58;-97.51;-99.96;-106.52;-94.8;-95.82;-101.98;-102.45;-99.89;-102.94;-96.17;-115.79;-101.6;-99.74;-103.4;-96.43;-110.97;-99.64;-99.28;-102.26;-96;-103.31;-97.54
63.7;-116.14;-114.93;-104.89;-107.48;-113.89;-103.21;-108.64;-109.87;-109.95;-111.98;-119.16;-110.96;-105.01;-107.39;-103.17;-86.5;-86.76;-107.42;-103.52;-102.24;-108.87;-93.58;-118.79;-111.3;-105.65;-101.64;-78.17;-102.01;-113.71;-104.28;-103.64;-107.69;-108.65;-104.83;-105.17;-107.96;-91.77;-94.01;-107.95;-105.24;-105.55;-107.08;-111.24;-112.52;-106.63;-106.65;-110.56;-106.62;-111.06;-110.75;-108.24;-122.99;-110.57;-111.93;-112.64;-107.64;-120.71;-109.25;-108.05;-113.95;-105.09;-112.87;-109.22
63.8;-113.65;-101.1;-98.29;-97.59;-100.45;-88.76;-97.31;-98.54;-98.49;-97.13;-103.98;-104.82;-96.78;-101.64;-89.79;-73.56;-77.28;-91.96;-98.74;-101.53;-99.62;-86.57;-109.14;-109.29;-93.47;-91.28;-69.35;-87.34;-104.63;-95.31;-91.99;-99.6;-99.33;-97.06;-96.18;-99.06;-85.23;-83.96;-94.1;-94.64;-96.1;-95.5;-99.56;-99.97;-94.82;-96.5;-95.61;-92.42;-96.03;-99.65;-99.99;-104.54;-100.78;-100.44;-101.86;-98.19;-111.65;-100.3;-99.89;-102.59;-95.87;-100.81;-95.46
63.9;-112.94;-105.02;-104.55;-110.8;-101.92;-97.02;-104.67;-103.46;-109.09;-103.23;-107.83;-113.11;-107.75;-103.07;-100.81;-80.92;-81.9;-96.77;-106.63;-115.26;-106.44;-95.34;-110.21;-113.08;-111.58;-96.27;-76.76;-96.4;-107.55;-106.86;-104.02;-107.19;-109.79;-107.06;-107.94;-102.93;-106.81;-101.81;-104.47;-108.98;-105.66;-104.53;-107.91;-113.35;-107.92;-113.27;-105.42;-98.8;-107.38;-113.84;-113.22;-112.91;-119.99;-110.07;-107.85;-111.61;-118.18;-109.86;-117.01;-116.5;-108.8;-109.18;-110.34
64;-109.19;-108.62;-111.71;-108.58;-101.23;-98.33;-102.8;-103.97;-113.6;-108.84;-110.15;-108.62;-104.95;-106.09;-99.54;-82.42;-84.67;-100.45;-116.23;-103.13;-102.44;-96.45;-115.88;-106.18;-105.34;-99.09;-78.94;-106.84;-104.54;-106.34;-104.97;-105.8;-108.08;-108.94;-115.59;-108.35;-91.89;-92.18;-110.64;-110.27;-109.98;-106.37;-111.63;-108.49;-108.69;-114.94;-112.72;-100.41;-110.37;-122.57;-112.7;-117.95;-127.87;-125.6;-112.93;-116.84;-122.41;-117.36;-114.84;-116.33;-111.94;-109.43;-114.58
